,city,cloudiness,country,date,humidity,latitude,longitude,max_temperature,wind_speed
0,Mehamn,75,NO,1573717224,80,71.03,27.85,35.6,9.17
1,Batemans Bay,33,AU,1573717312,62,-35.71,150.18,59.04,4.18
2,Port Alfred,75,ZA,1573717224,67,-33.59,26.89,70.29,19.13
3,Ushuaia,75,AR,1573717175,100,-54.81,-68.31,42.8,9.17
4,Nanortalik,100,GL,1573717313,80,60.14,-45.24,40.08,28.3
5,Mazyr,2,BY,1573717313,62,52.05,29.27,51.1,17.38
6,Mali,23,CN,1573717313,69,27.53,102.2,60.03,7.0
7,Hilo,90,US,1573717235,65,19.71,-155.08,78.8,5.82
8,Vaini,40,IN,1573717313,57,15.34,74.49,80.6,11.41
9,Longyearbyen,40,NO,1573717314,91,78.22,15.63,32.0,11.41
10,Dikson,55,RU,1573717314,95,73.51,80.55,1.85,8.79
11,Luderitz,0,NA,1573717226,64,-26.65,15.16,69.8,5.82
12,Rikitea,1,PF,1573717314,76,-23.12,-134.97,71.06,22.26
13,Knysna,40,ZA,1573717029,68,-34.04,23.05,66.2,10.29
14,Goundam,0,ML,1573717226,18,16.42,-3.66,78.17,13.87
15,Butaritari,100,KI,1573717314,76,3.07,172.79,84.07,8.05
16,Bredasdorp,75,ZA,1573717227,60,-34.53,20.04,69.8,9.17
17,Mataura,100,NZ,1573717315,95,-46.19,168.86,46.38,1.77
18,Carnarvon,0,ZA,1573717315,25,-30.97,22.13,67.17,5.64
19,Clyde River,90,CA,1573717315,85,70.47,-68.59,14.0,9.17
20,Narsaq,100,GL,1573717315,60,60.91,-46.05,42.8,38.03
21,Busselton,0,AU,1573717315,46,-33.64,115.35,80.1,17.47
22,Marovoay,20,MG,1573717315,55,-16.11,46.64,91.4,9.17
23,Saint George,40,GR,1573717315,87,39.45,22.34,59.0,4.7
24,Thompson,90,CA,1573717228,92,55.74,-97.86,14.0,8.05
25,Vila Velha,40,BR,1573717316,74,-3.71,-38.6,78.8,11.41
26,Hermanus,14,ZA,1573717228,81,-34.42,19.24,64.11,15.12
27,Avarua,0,CK,1573717172,94,-21.21,-159.78,73.4,13.87
28,Chokurdakh,97,RU,1573717229,96,70.62,147.9,1.27,4.38
29,Iqaluit,75,CA,1573717229,78,63.75,-68.52,14.0,20.8
30,Port Elizabeth,1,US,1573717317,85,39.31,-74.98,28.4,4.09
31,Conceicao do Araguaia,70,BR,1573717317,96,-8.26,-49.26,71.85,0.96
32,Codrington,75,AU,1573717317,36,-28.95,153.24,78.8,16.11
33,Horadiz,75,AZ,1573717317,71,39.45,47.33,53.6,6.93
34,Saint-Georges,100,CA,1573717317,94,46.12,-70.67,7.54,2.82
35,Timra,75,SE,1573717230,87,62.49,17.33,33.8,4.7
36,Hobart,20,AU,1573717318,42,-42.88,147.33,62.6,28.86
37,Atuona,0,PF,1573717318,74,-9.8,-139.03,79.77,12.55
38,Tura,100,RU,1573717230,90,64.27,100.22,-28.57,3.29
39,Geraldton,90,CA,1573717318,85,49.72,-86.95,12.2,3.36
40,Ribeira Grande,75,PT,1573717318,63,38.52,-28.7,62.6,6.93
41,New Norfolk,20,AU,1573717231,42,-42.78,147.06,62.6,28.86
42,Albany,90,US,1573717319,62,42.65,-73.75,21.2,4.36
43,Chalus,75,IR,1573717319,67,36.66,51.42,62.6,6.93
44,Le Port,100,FR,1573717231,98,42.87,1.37,35.67,1.41
45,Tigzirt,63,DZ,1573717319,77,36.57,4.2,53.71,9.15
46,Hithadhoo,100,MV,1573717319,71,-0.6,73.08,83.23,7.16
47,Flinders,71,AU,1573717319,20,-34.58,150.85,82.4,17.22
48,Mar del Plata,79,AR,1573717149,36,-46.43,-67.52,57.33,14.56
49,Taksimo,95,RU,1573717232,92,56.36,114.84,-20.53,1.83
50,Jamestown,0,AU,1573717320,38,-33.21,138.6,65.64,8.37
51,Bosaso,20,SO,1573717320,74,11.28,49.18,80.6,10.29
52,Springbok,0,ZA,1573717320,35,-29.67,17.88,71.6,9.17
53,Tual,0,ID,1573717233,70,-5.67,132.75,81.54,9.89
54,North Bend,90,US,1573717233,100,43.41,-124.22,48.2,5.82
55,Bluff,0,AU,1573717233,24,-23.58,149.07,84.94,5.79
56,Namibe,100,AO,1573717321,81,-15.19,12.15,72.48,11.05
57,Shawinigan,75,CA,1573717170,78,46.54,-72.75,8.6,3.94
58,Sitka,6,US,1573717321,84,37.17,-99.65,39.0,9.66
59,Fairbanks,90,US,1573717279,71,64.84,-147.72,8.6,18.34
60,Lagoa,40,PT,1573717322,87,37.14,-8.45,57.2,8.05
61,Piopio,100,CL,1573717322,93,-42.79,-73.57,51.8,9.26
62,Tulun,58,RU,1573717234,74,54.56,100.58,8.04,2.66
63,Povenets,100,RU,1573717322,94,62.85,34.83,39.31,10.16
64,Puerto Ayora,29,EC,1573717322,85,-0.74,-90.35,68.65,10.33
65,Mecca,0,SA,1573717318,40,21.43,39.83,86.63,6.93
66,Vikulovo,76,RU,1573717235,75,55.07,40.96,39.09,8.88
67,Ilulissat,100,GL,1573717323,37,69.22,-51.1,35.6,18.34
68,Katsuura,40,JP,1573717323,38,33.93,134.5,59.0,14.99
69,Mikhaylovka,69,RU,1573717323,79,52.96,103.29,7.72,3.04
70,Khash,0,IR,1573717323,11,28.22,61.21,60.1,4.34
71,Luanda,75,AO,1573717184,78,-8.83,13.24,82.4,6.93
72,Kodiak,75,US,1573717324,94,39.95,-94.76,32.0,4.7
73,Punta Arenas,75,CL,1573717324,93,-53.16,-70.91,44.6,3.36
74,Deputatskiy,57,RU,1573717324,100,69.3,139.9,-13.55,0.31
75,Nouadhibou,100,MR,1573717236,82,20.93,-17.03,64.4,13.87
76,Pisco,90,PE,1573717236,93,-13.71,-76.2,64.4,6.93
77,Port-Gentil,40,GA,1573717324,83,-0.72,8.78,82.4,4.7
78,Ladybrand,40,ZA,1573717324,63,-29.19,27.46,66.2,9.17
79,Kapaa,75,US,1573717156,88,22.08,-159.32,75.2,5.82
80,Qaanaaq,100,GL,1573717325,56,77.48,-69.36,15.69,3.47
81,Viedma,0,AR,1573717237,44,-40.81,-62.99,60.35,15.17
82,Tuktoyaktuk,25,CA,1573717237,97,69.44,-133.03,-6.85,7.67
83,Czarnkow,21,PL,1573717325,93,52.9,16.56,35.6,4.7
84,Gat,33,SN,1573717326,82,14.69,-16.54,69.8,2.24
85,Ahipara,49,NZ,1573717326,79,-35.17,173.16,61.83,20.67
86,Saint-Philippe,75,CA,1573717326,72,45.36,-73.48,17.6,5.82
87,Lima,90,PE,1573717292,88,-12.06,-77.04,64.4,6.93
88,Marsh Harbour,100,BS,1573717326,80,26.54,-77.06,75.58,18.99
89,Arraial do Cabo,100,BR,1573717326,87,-22.97,-42.02,73.56,27.56
90,Paamiut,100,GL,1573717326,68,61.99,-49.67,43.66,51.07
91,Sampit,100,ID,1573717326,91,-2.54,112.95,76.77,2.8
92,Lichinga,97,MZ,1573717327,27,-13.3,35.25,92.28,7.99
93,Rocha,0,UY,1573717239,95,-34.48,-54.34,61.02,4.85
94,Te Anau,2,NZ,1573717327,78,-45.41,167.72,45.05,6.89
95,Cidreira,100,BR,1573717239,94,-30.17,-50.22,69.62,23.8
96,Saskylakh,97,RU,1573717327,96,71.97,114.09,-13.22,13.82
97,Mulanje,100,MW,1573717327,31,-16.03,35.5,92.53,5.17
98,Acari,64,BR,1573717328,76,-6.44,-36.64,70.61,20.04
99,Hami,0,CN,1573717328,39,42.84,93.51,44.22,9.15
100,Port Macquarie,0,AU,1573717328,42,-31.43,152.91,68.0,9.17
101,Huarmey,86,PE,1573717328,97,-10.07,-78.15,59.2,1.14
102,Chicama,90,PE,1573717328,82,-7.84,-79.15,64.4,6.93
103,Ixtapa,40,MX,1573717328,88,20.71,-105.21,71.6,3.36
104,Aksu,90,KZ,1573717241,85,52.04,76.93,21.2,13.42
105,Vestmanna,1,FO,1573717329,77,62.16,-7.17,35.6,21.92
106,Chernyshevskiy,99,RU,1573717329,97,63.01,112.47,-14.89,3.71
107,Oriximina,100,BR,1573717329,92,-1.77,-55.87,75.87,0.87
108,Calvinia,0,ZA,1573717242,42,-31.47,19.78,66.2,11.41
109,Upernavik,82,GL,1573717329,64,72.79,-56.15,16.72,6.04
110,Saldanha,57,PT,1573717242,75,41.42,-6.55,40.62,14.16
111,Norman Wells,75,CA,1573717330,83,65.28,-126.83,-5.81,2.01
112,Nsanje,100,MZ,1573717330,24,-16.92,35.26,107.64,4.41
113,Arak,0,IR,1573717170,52,34.1,49.69,41.0,6.93
114,Benguela,75,AO,1573717330,74,-12.58,13.4,84.2,4.7
115,Casino,0,AU,1573717330,29,-28.86,153.05,78.8,18.34
116,Tiksi,25,RU,1573717330,99,71.64,128.87,-12.14,1.79
117,Lakhtar,0,IN,1573717331,30,22.86,71.79,90.73,11.88
118,East London,40,ZA,1573717134,72,-33.02,27.91,68.0,19.46
119,Barrow,6,AR,1573717331,92,-38.31,-60.23,53.17,6.42
120,Whitehorse,90,CA,1573717278,92,60.72,-135.06,15.8,2.24
121,Atar,100,MR,1573717331,13,20.52,-13.05,76.93,7.14
122,Aksarka,0,RU,1573717331,86,66.56,67.8,-11.01,4.05
123,Cabo San Lucas,0,MX,1573717055,83,22.89,-109.91,66.15,5.82
124,Sapa,90,PH,1573717331,70,14.32,120.76,84.2,5.82
125,Kano,98,NG,1573717244,14,11.99,8.53,85.37,7.9
126,Na Wa,75,TH,1573717332,69,17.49,104.1,78.8,9.17
127,Port Blair,55,IN,1573717244,67,11.67,92.75,83.93,4.74
128,Manokwari,88,ID,1573717245,91,-0.87,134.08,74.07,1.54
129,Shelburne,90,CA,1573717332,85,44.08,-80.2,28.4,6.93
130,Kezmarok,20,SK,1573717332,93,49.14,20.43,42.8,5.82
131,Caborca,52,MX,1573717245,58,30.58,-111.1,58.8,2.62
132,Tautira,90,PF,1573717245,65,-17.73,-149.15,78.8,3.36
133,Khatanga,99,RU,1573717333,96,71.98,102.47,-17.07,11.21
134,Trenggalek,31,ID,1573717333,39,-8.05,111.71,87.96,7.78
135,Ponta do Sol,100,BR,1573717333,97,-20.63,-46.0,65.86,3.78
136,Pangnirtung,96,CA,1573717334,68,66.15,-65.72,16.54,3.22
137,Kirakira,67,SB,1573717334,87,-10.46,161.92,78.67,4.97
138,Grants Pass,1,US,1573717334,87,42.44,-123.33,55.4,0.18
139,Kirensk,79,RU,1573717334,93,57.78,108.12,-11.01,2.42
140,Aden,42,YE,1573717218,41,12.79,45.03,88.43,17.47
141,Przhevalskoye,85,RU,1573717334,65,55.51,31.85,47.34,12.5
142,Yinchuan,0,CN,1573717335,16,38.48,106.21,46.33,7.7
143,Olinda,90,AU,1573717335,43,-37.84,145.39,71.6,16.11
144,College,90,US,1573717248,71,64.86,-147.8,10.4,19.46
145,Esperance,16,AU,1573717236,38,-33.86,121.89,75.2,17.22
146,Qinhuangdao,0,CN,1573717248,45,39.94,119.59,43.03,7.16
147,Provideniya,100,RU,1573717336,81,64.42,-173.23,18.64,28.12
148,Romny,0,UA,1573717248,56,50.74,33.49,47.03,16.71
149,Great Bend,1,US,1573717336,85,38.36,-98.78,28.4,6.93
150,Glendive,1,US,1573717336,100,47.11,-104.71,24.8,8.05
151,Ulladulla,99,AU,1573717249,20,-35.36,150.48,82.4,17.22
152,Sebinkarahisar,78,TR,1573717336,33,40.29,38.42,52.07,9.46
153,Khani,0,GE,1573717336,27,41.96,42.96,64.4,29.97
154,Kangaatsiaq,100,GL,1573717336,71,68.31,-53.46,33.21,29.1
155,Yellowknife,5,CA,1573717337,76,62.45,-114.38,-7.61,13.87
156,Camacha,75,PT,1573717337,82,33.08,-16.33,66.2,14.99
157,Talnakh,0,RU,1573717249,75,69.49,88.39,-16.61,2.21
158,Havelock,1,US,1573717250,74,34.88,-76.9,41.0,9.17
159,Lompoc,90,US,1573717250,87,34.64,-120.46,57.2,6.71
160,Praia da Vitoria,75,PT,1573717250,72,38.73,-27.07,62.6,16.73
161,Bethel,1,US,1573717250,65,60.79,-161.76,6.8,33.33
162,Leningradskiy,100,RU,1573717250,84,69.38,178.42,21.09,21.39
163,Tahara,20,JP,1573717250,62,34.64,137.18,57.2,33.33
164,Phayao,81,TH,1573717251,91,19.17,99.9,74.26,1.48
165,Eureka,90,US,1573717251,100,40.8,-124.16,48.2,5.82
166,Walvis Bay,90,NA,1573717251,87,-22.95,14.51,57.2,6.93
167,Lebu,75,ET,1573717251,52,8.96,38.73,64.4,13.87
168,Hay River,75,CA,1573717251,77,60.82,-115.79,-2.21,19.46
169,Biak,58,ID,1573717251,69,-0.91,122.88,83.93,16.17
170,Northam,100,AU,1573717252,11,-31.65,116.67,100.4,19.46
171,Great Yarmouth,75,GB,1573717252,93,52.61,1.73,44.6,9.17
172,Hualmay,42,PE,1573717252,93,-11.1,-77.61,59.11,3.11
173,Castro,90,CL,1573717252,100,-42.48,-73.76,51.8,8.05
174,Sechura,100,PE,1573717252,92,-5.56,-80.82,65.34,5.35
175,Trelew,38,AR,1573717252,32,-43.25,-65.31,57.85,19.64
176,Makueni,100,KE,1573717252,81,-1.8,37.62,69.85,2.73
177,Nikolskoye,40,RU,1573717253,81,59.7,30.79,44.6,8.95
178,Leticia,100,CO,1573717253,96,-4.21,-69.94,72.01,1.59
179,Fortuna,90,US,1573717253,100,40.6,-124.16,48.2,3.36
180,Georgetown,40,GY,1573717149,100,6.8,-58.16,75.2,2.24
181,Kieta,100,PG,1573717253,81,-6.22,155.63,80.4,3.04
182,Caidian,0,CN,1573717253,16,30.59,114.03,71.6,6.71
183,Ilhabela,100,BR,1573717254,90,-23.78,-45.36,72.97,10.63
184,Monroe,90,US,1573717254,86,41.91,-83.4,28.4,4.7
185,Ostrovnoy,100,RU,1573717254,93,68.05,39.51,34.14,13.96
186,Kruisfontein,0,ZA,1573717254,56,-34.0,24.73,71.22,13.98
187,Ancud,90,CL,1573717254,100,-41.87,-73.83,51.8,8.05
188,Gorodishche,1,RU,1573717254,70,53.27,45.7,40.53,3.38
189,Shinpokh,40,PK,1573717255,47,34.33,71.18,75.2,4.7
190,Sioux Lookout,90,CA,1573717255,72,50.1,-91.92,14.0,10.29
191,Weyburn,37,CA,1573717255,89,49.67,-103.85,30.9,11.45
192,Cape Town,20,ZA,1573717170,52,-33.93,18.42,69.8,27.51
193,Aldan,100,RU,1573717255,100,58.61,125.39,-22.46,2.89
194,Roosendaal,75,NL,1573717255,86,51.53,4.47,42.8,9.17
195,Lavrentiya,0,RU,1573717256,72,65.58,-170.99,23.52,29.77
196,Wum,34,CM,1573717256,68,6.39,10.08,79.36,1.68
197,Touros,40,BR,1573717256,83,-5.2,-35.46,75.2,4.7
198,Teshie,40,GH,1573717256,88,5.58,-0.11,80.6,3.36
199,Kozan,100,TR,1573717256,23,37.45,35.82,77.0,16.11
200,Shimoda,20,JP,1573717256,45,34.7,138.93,66.2,16.11
201,Fort Beaufort,26,ZA,1573717257,41,-32.78,26.63,73.24,5.46
202,Grindavik,2,IS,1573717257,74,63.84,-22.43,30.2,8.05
203,Teya,75,MX,1573717257,94,21.05,-89.07,75.2,4.7
204,Tasiilaq,100,GL,1573717257,94,65.61,-37.64,28.65,28.97
205,Nara,75,JP,1573717257,50,34.68,135.8,59.0,13.87
206,Coahuayana,99,MX,1573717257,86,18.62,-100.35,67.95,1.28
207,Constitucion,0,MX,1573717257,64,23.99,-104.67,44.28,1.81
208,Sibiti,100,CG,1573717258,68,-3.69,13.35,83.23,2.1
209,Airai,0,TL,1573717258,51,-8.93,125.41,77.43,5.3
210,Mocuba,88,MZ,1573717258,29,-16.84,36.99,103.12,4.34
211,Skjervoy,40,NO,1573717258,85,70.03,20.97,23.0,2.24
212,Rio Gallegos,75,AR,1573717258,87,-51.62,-69.22,48.2,11.41
213,Tay Ninh,68,VN,1573717225,63,11.3,106.1,87.33,5.75
214,Hermosillo,5,MX,1573717067,77,29.09,-110.96,66.2,0.87
215,Yima,0,CN,1573717259,27,34.75,111.87,62.33,5.91
216,Faya,2,SA,1573717259,40,18.39,42.45,69.8,4.7
217,Rawson,33,AR,1573717259,55,-43.3,-65.11,58.12,18.52
218,Itarema,100,BR,1573717259,70,-2.92,-39.92,79.39,7.76
219,Port Keats,83,AU,1573717259,56,-14.25,129.55,87.89,11.3
220,San Quintin,100,PH,1573717259,74,17.54,120.52,75.81,11.68
221,Port-Cartier,5,CA,1573717260,61,50.03,-66.88,15.8,5.82
222,Meadow Lake,100,CA,1573717260,97,54.13,-108.44,28.78,8.88
223,Chuy,83,UY,1573717260,95,-33.69,-53.46,67.23,7.81
224,Puerto Ayacucho,100,CO,1573717260,98,5.66,-67.63,72.77,2.06
225,Karratha,0,AU,1573717260,57,-20.74,116.85,83.66,22.97
226,Sanary-sur-Mer,100,FR,1573717260,75,43.12,5.8,48.2,2.24
227,Nuuk,100,GL,1573717261,100,64.17,-51.74,28.4,24.16
228,Ornskoldsvik,90,SE,1573717261,100,63.29,18.72,33.8,5.82
229,Berdigestyakh,100,RU,1573717261,95,62.1,126.7,-14.52,3.78
230,Abu Dhabi,0,AE,1573717172,25,24.47,54.37,98.6,8.05
231,Vestmannaeyjar,0,IS,1573717262,74,63.44,-20.27,30.2,11.41
232,Aykhal,90,RU,1573717262,74,65.95,111.51,-25.61,6.71
233,Demmin,20,DE,1573717262,93,53.91,13.03,35.6,4.7
234,Dasoguz,100,TM,1573717262,33,41.84,59.97,50.0,4.7
235,Sola,99,TZ,1573717262,46,-3.17,33.8,80.38,6.04
236,Sao Jose,74,AO,1573717262,73,-12.77,15.77,72.28,5.93
237,Millington,1,US,1573717262,74,35.34,-89.9,32.0,5.73
238,Vila Franca do Campo,75,PT,1573717263,59,37.72,-25.43,62.6,10.29
239,Havre-Saint-Pierre,1,CA,1573717069,57,50.23,-63.6,19.4,17.22
240,Quatre Cocos,40,MU,1573717263,65,-20.21,57.76,82.4,9.17
241,Pustoshka,100,RU,1573717263,76,56.34,29.37,46.72,13.67
242,Sao Sebastiao,100,BR,1573717263,93,-3.15,-58.36,74.28,1.77
243,Coihaique,75,CL,1573717264,76,-45.58,-72.07,50.0,4.7
244,Sept-Iles,5,CA,1573717091,61,50.2,-66.38,15.8,5.82
245,Gatesville,90,US,1573717264,71,31.44,-97.74,39.2,3.36
246,Bubaque,38,GW,1573717264,76,11.28,-15.83,81.88,9.86
247,Paita,100,PE,1573717264,81,-5.09,-81.11,68.9,7.18
248,Kolyvan,52,RU,1573717264,72,55.31,82.74,10.4,6.71
249,Tuatapere,59,NZ,1573717264,98,-46.13,167.69,41.83,2.64
250,Victoria,75,BN,1573717225,62,5.28,115.24,89.6,3.36
251,Hambantota,20,LK,1573717265,66,6.12,81.12,87.8,8.05
252,Alice Springs,0,AU,1573717265,5,-23.7,133.88,87.8,8.05
253,Santa Cruz del Norte,20,CU,1573717265,100,23.15,-81.92,68.0,2.24
254,Shingu,20,JP,1573717265,44,33.72,135.99,59.0,20.8
255,Belyy Yar,100,RU,1573717266,66,53.6,91.39,14.0,6.71
256,La Mata,100,ES,1573717266,93,40.62,-0.28,34.74,25.01
257,Mahajanga,20,MG,1573717266,55,-15.72,46.32,91.4,9.17
258,Dangriga,26,BZ,1573717266,84,16.97,-88.23,78.89,11.68
259,Ketchikan,90,US,1573717266,87,55.34,-131.65,50.0,20.8
260,Mattru,11,SL,1573717266,79,7.62,-11.83,81.63,3.02
261,Tyulgan,82,RU,1573717267,80,52.34,56.17,35.92,8.34
262,Kaitangata,100,NZ,1573717267,85,-46.28,169.85,50.74,13.94
263,Naze,75,NG,1573717267,94,5.43,7.07,75.2,3.85
264,Bergheim,40,DE,1573717267,86,50.95,6.64,42.8,10.29
265,Atbasar,96,KZ,1573717267,89,51.81,68.36,19.83,13.94
266,Alugan,100,PH,1573717267,85,12.22,125.48,81.1,11.65
267,Nouakchott,18,MR,1573717267,68,18.08,-15.98,64.4,5.82
268,Yerbogachen,87,RU,1573717267,95,61.28,108.01,-20.89,3.06
269,Lufilufi,100,WS,1573717268,82,-13.87,-171.6,79.52,17.09
270,Ossora,100,RU,1573717268,95,59.24,163.07,35.01,14.7
271,Banda Aceh,100,ID,1573717268,75,5.56,95.32,82.38,4.03
272,Corrente,99,BR,1573717268,81,-17.45,-44.68,68.31,9.69
273,Kahului,20,US,1573717268,78,20.89,-156.47,77.0,9.17
274,La Ronge,90,CA,1573717268,85,55.1,-105.3,19.4,11.41
275,Gwadar,0,PK,1573717269,29,25.12,62.33,78.33,2.04
276,Pevek,100,RU,1573717269,57,69.7,170.27,25.52,15.26
277,Leh,100,IN,1573717269,59,34.16,77.58,25.43,3.29
278,Wahiawa,1,US,1573717269,94,21.5,-158.02,80.6,3.36
279,Hamilton,90,CA,1573717201,73,43.26,-79.87,33.8,6.93
280,Zabol,0,IR,1573717270,14,31.03,61.49,66.2,6.93
281,Cascais,40,PT,1573717270,82,38.7,-9.42,55.4,18.34
282,Sorland,75,NO,1573717270,86,67.67,12.69,39.2,3.36
283,Bozoum,100,CF,1573717270,43,6.31,16.38,89.92,0.54
284,Buin,81,CL,1573717270,55,-33.73,-70.74,62.6,8.05
285,Plettenberg Bay,9,ZA,1573717270,64,-34.05,23.37,69.39,9.78
286,Clonmel,76,IE,1573717270,90,52.35,-7.7,36.81,18.66
287,Sinnamary,37,GF,1573717271,82,5.38,-52.96,81.28,10.67
288,Severo-Kurilsk,100,RU,1573717271,92,50.68,156.12,33.51,14.36
289,Kajaani,90,FI,1573717271,100,64.22,27.73,35.6,4.7
290,Ranfurly,72,CA,1573717271,94,53.41,-111.68,25.54,7.7
291,Torbay,75,CA,1573717271,58,47.66,-52.73,32.0,29.97
292,Alberton,54,ZA,1573717271,77,-26.25,28.13,68.0,2.24
293,Chipinge,29,ZW,1573717271,52,-20.19,32.62,85.59,3.98
294,Tabou,100,CI,1573717272,82,4.42,-7.36,81.57,3.71
295,Adrar,13,DZ,1573717272,25,27.87,-0.29,53.6,6.93
296,Sarakhs,0,TM,1573717272,28,36.54,61.16,57.2,3.47
297,Kavieng,0,PG,1573717272,74,-2.57,150.8,83.62,8.43
298,Minab,0,IR,1573717272,5,27.15,57.07,82.4,6.93
299,Masvingo,100,ZW,1573717272,44,-20.08,30.83,85.12,8.21
300,Letlhakane,27,BW,1573717272,39,-21.42,25.59,85.48,7.83
301,Kathu,0,ZA,1573717273,13,-27.7,23.05,81.36,7.11
302,Yerofey Pavlovich,100,RU,1573717273,84,53.97,121.97,-14.34,4.27
303,Padang,100,ID,1573717273,94,-0.92,100.36,74.03,2.3
304,Hasaki,40,JP,1573717273,68,35.73,140.83,66.2,9.17
305,Kununurra,81,AU,1573717273,16,-15.77,128.74,105.8,9.17
306,Nabire,100,ID,1573717273,97,-3.36,135.5,74.73,0.29
307,Ajdabiya,0,LY,1573717273,51,30.75,20.22,68.94,16.46
308,Kihei,20,US,1573717274,78,20.76,-156.45,77.0,9.17
309,Lysva,4,RU,1573717274,77,58.11,57.8,12.97,6.58
310,Bullhead City,1,US,1573717274,22,35.15,-114.57,60.8,1.43
311,Cravo Norte,53,CO,1573717274,91,6.3,-70.2,74.44,4.0
312,Takahama,20,JP,1573717274,62,34.92,136.99,57.2,33.33
313,Goure,97,NE,1573717275,11,13.98,10.27,87.64,12.59
314,Egvekinot,95,RU,1573717275,94,66.32,-179.17,7.52,11.16
315,Ust-Nera,100,RU,1573717275,95,64.57,143.24,-11.38,1.88
316,Ovalle,0,CL,1573717275,77,-30.6,-71.2,52.3,0.27
317,Yulara,90,AU,1573717275,5,-25.24,130.99,93.2,10.29
318,Tezu,0,IN,1573717275,52,27.93,96.16,82.15,2.51
319,Karpathos,20,GR,1573717275,72,35.51,27.21,68.0,3.36
320,Tevriz,0,RU,1573717276,74,57.51,72.4,10.89,5.75
321,Narasannapeta,0,IN,1573717276,50,18.42,84.04,83.39,6.13
322,Ginda,100,IN,1573717276,35,30.69,78.49,66.49,4.85
323,Faanui,100,PF,1573717276,81,-16.48,-151.75,79.45,22.03
324,Preobrazheniye,29,RU,1573717276,44,42.9,133.91,17.2,14.0
325,Auki,100,NG,1573717276,17,12.18,6.51,84.9,7.87
326,Doha,20,QA,1573717276,30,25.29,51.53,84.2,9.17
327,Beyneu,22,KZ,1573717277,65,45.32,55.19,48.04,11.18
328,Mantua,46,IT,1573717277,80,45.16,10.79,44.6,1.12
329,Ambon,95,FR,1573717277,100,47.55,-2.56,39.2,3.09
330,Englewood,90,US,1573717006,74,39.65,-104.99,41.0,4.7
331,Omsukchan,94,RU,1573717277,100,62.53,155.8,-2.37,1.97
332,Dingle,100,PH,1573717277,89,11.0,122.67,78.55,0.27
333,Road Town,1,VG,1573717277,78,18.42,-64.62,78.8,3.36
334,Storforshei,75,NO,1573717277,92,66.4,14.52,30.2,1.12
335,Byron Bay,0,AU,1573717278,69,-28.65,153.62,78.8,14.99
336,San Patricio,83,PY,1573717278,96,-26.98,-56.83,67.23,4.76
337,Petropavl,20,KZ,1573717278,78,54.87,69.13,14.0,11.18
338,Tougan,0,BF,1573717278,15,13.07,-3.07,85.44,14.45
339,Bambous Virieux,40,MU,1573717278,65,-20.34,57.76,82.4,9.17
340,The Valley,5,AI,1573717278,79,18.22,-63.06,79.9,14.16
341,Salalah,20,OM,1573717278,54,17.01,54.1,84.2,8.05
342,Tyup,0,KG,1573717279,49,42.73,78.36,39.2,1.97
343,Arlit,100,NE,1573717279,13,18.74,7.39,79.48,8.93
344,Sao Joao da Barra,59,BR,1573717169,87,-21.64,-41.05,74.44,18.43
345,Yakeshi,100,CN,1573717279,88,49.28,120.73,1.49,5.14
346,Zhigansk,100,RU,1573717279,92,66.77,123.37,-13.63,14.23
347,Kimbe,38,PG,1573717279,89,-5.56,150.15,76.5,1.1
348,Zeya,33,RU,1573717280,89,53.74,127.27,-14.52,7.54
349,Hofn,0,IS,1573717280,55,64.25,-15.21,32.0,16.11
350,Marrakesh,100,MA,1573717280,71,31.63,-7.99,50.0,2.24
351,Qaqortoq,100,GL,1573717280,60,60.72,-46.03,42.8,38.03
352,Changli,7,CN,1573717280,47,30.54,105.42,66.42,3.91
353,Riyadh,0,SA,1573716988,28,24.63,46.72,73.4,8.05
354,Lhokseumawe,76,ID,1573717281,79,5.18,97.15,79.39,3.13
355,Gold Coast,0,AU,1573717281,64,-28.0,153.41,75.99,10.29
356,Evensk,99,RU,1573717281,94,61.92,159.24,27.0,10.13
357,Koumra,78,TD,1573717281,24,8.92,17.55,94.6,3.87
358,Aklavik,90,CA,1573717281,76,68.22,-135.01,-5.81,4.7
359,San Miguel,0,AR,1573717281,88,-34.54,-58.72,69.8,5.44
360,Ranong,40,TH,1573717281,63,9.96,98.62,93.2,3.36
361,Bellefontaine,1,US,1573717282,100,40.36,-83.76,28.4,6.44
362,Vardo,1,US,1573717282,50,39.62,-77.74,28.4,6.93
363,Mashhad,0,IR,1573717282,20,36.3,59.61,55.4,6.93
364,Gamba,83,CN,1573717282,14,28.28,88.52,41.36,4.65
365,Leiyang,0,CN,1573717282,33,26.42,112.85,69.04,4.94
366,Balakhninskiy,94,RU,1573717282,99,58.01,114.28,-22.78,1.19
367,Mount Gambier,75,AU,1573717282,87,-37.83,140.78,55.4,16.11
368,Maldonado,90,UY,1573717283,100,-34.91,-54.96,62.6,4.7
369,Kalmunai,100,LK,1573717283,66,7.42,81.82,83.1,5.3
370,Samarai,100,PG,1573717283,92,-10.62,150.67,75.06,4.47
371,Zhicheng,0,CN,1573717283,20,35.04,112.59,64.4,6.42
372,Poronaysk,4,RU,1573717283,68,49.22,143.1,21.58,20.76
373,Laguna,75,BZ,1573717284,83,16.17,-88.94,77.0,5.37
374,Otane,34,NZ,1573717284,89,-39.89,176.62,49.69,2.91
375,Sao Filipe,99,CV,1573717284,79,14.9,-24.5,72.93,7.9
376,Cherskiy,0,RU,1573717284,93,68.75,161.3,6.31,1.59
377,Mbuji-Mayi,100,CD,1573717284,65,-6.13,23.6,84.42,3.02
378,Severo-Yeniseyskiy,100,RU,1573717082,97,60.37,93.04,-6.18,2.44
379,Fuerte Olimpo,100,BR,1573717285,95,-21.04,-57.87,72.9,3.29
380,Port Hawkesbury,90,CA,1573717285,85,45.62,-61.36,23.0,9.17
381,Euclides da Cunha,53,BR,1573717285,93,-10.51,-39.01,66.83,5.95
382,Klaksvik,67,FO,1573717285,69,62.23,-6.59,35.6,21.92
383,Cap Malheureux,40,MU,1573717285,65,-19.98,57.61,82.4,9.17
384,Carballo,75,ES,1573717285,93,43.21,-8.69,44.6,6.93
385,Aanekoski,90,FI,1573717285,100,62.6,25.73,37.4,1.12
386,Oranjestad,0,AW,1573717280,80,12.52,-70.03,81.93,15.08
387,Kendari,4,ID,1573717286,60,-3.99,122.52,84.85,5.14
388,Anzhero-Sudzhensk,53,RU,1573717286,84,56.08,86.02,1.4,4.47
389,Baruun-Urt,0,MN,1573717286,66,46.68,113.28,12.54,10.49
390,Spassk-Ryazanskiy,74,RU,1573717286,70,54.41,40.38,40.59,10.02
391,Methoni,40,GR,1573717286,93,36.82,21.7,57.2,7.43
392,Piacabucu,0,BR,1573717286,76,-10.41,-36.43,77.13,6.33
393,Aguimes,75,ES,1573717287,64,27.91,-15.45,68.0,18.34
394,Los Llanos de Aridane,75,ES,1573717287,68,28.66,-17.92,69.8,10.29
395,Lorengau,48,PG,1573717287,72,-2.02,147.27,84.02,6.76
396,Alyangula,40,AU,1573717287,55,-13.85,136.42,91.4,9.17
397,Athabasca,94,CA,1573717287,94,54.72,-113.29,28.36,7.67
398,Atzitzintla,56,MX,1573717287,88,18.9,-97.33,46.51,2.55
399,Santa Isabel,20,MX,1573717287,29,32.63,-115.58,64.4,4.7
400,Kidal,0,ML,1573717288,11,18.44,1.41,76.62,15.37
401,Waingapu,0,ID,1573717288,70,-9.65,120.26,83.62,9.22
402,San Andres,100,PH,1573717288,85,13.32,122.68,78.17,14.14
403,Portree,97,GB,1573717288,67,57.41,-6.19,43.43,19.64
404,Maku,0,IR,1573717288,39,39.29,44.45,48.2,3.56
405,Maniitsoq,100,GL,1573717289,89,65.42,-52.9,36.39,18.21
406,Mayo,90,CA,1573717289,60,63.59,-135.9,6.8,10.29
407,Verkhoyansk,98,RU,1573717289,96,67.55,133.39,-22.6,1.83
408,Santa Leopoldina,90,BR,1573717289,94,-20.1,-40.53,73.4,5.82
409,Saquarema,40,BR,1573717289,94,-22.93,-42.51,73.4,1.12
410,Vanimo,4,PG,1573717290,71,-2.67,141.3,84.06,6.44
411,Peniche,75,PT,1573717290,87,39.36,-9.38,53.6,14.99
412,Hella,0,BF,1573717290,21,10.47,-3.27,84.65,8.3
413,Male,0,UA,1573717290,59,50.74,33.7,46.76,16.2
414,Ugoofaaru,84,MV,1573717291,75,5.67,73.0,83.48,12.77
415,Sambava,100,MG,1573717291,51,-14.27,50.17,89.85,6.44
416,Isla Mujeres,90,MX,1573717291,100,21.23,-86.73,75.2,9.17
417,Tiznit,100,MA,1573717291,24,29.7,-9.73,70.18,3.47
418,High Level,90,CA,1573717291,78,58.52,-117.13,10.4,10.29
419,Caraballeda,20,VE,1573717291,88,10.61,-66.85,77.0,3.36
420,Daru,20,PG,1573717291,90,-9.07,143.21,75.99,4.05
421,Lagos,40,NG,1573717165,94,6.46,3.39,75.2,10.29
422,Usinsk,100,RU,1573717292,85,66.0,57.56,6.49,14.38
423,Neiba,0,DO,1573717292,91,18.49,-71.42,69.13,0.74
424,Sayyan,0,YE,1573717292,29,15.17,44.32,64.83,6.17
425,Richards Bay,100,ZA,1573717292,86,-28.77,32.06,70.63,19.26
426,Lake Charles,90,US,1573717150,70,30.23,-93.22,46.4,3.71
427,Lakatoro,80,VU,1573717292,72,-16.11,167.42,78.42,18.79
428,Palaikastron,25,GR,1573717293,70,35.2,26.25,67.01,2.62
429,Kant,4,KG,1573717293,37,42.89,74.85,50.0,4.47
430,Srednekolymsk,54,RU,1573717293,100,67.46,153.71,-5.48,0.51
431,Bathsheba,40,BB,1573717293,83,13.22,-59.52,80.6,8.05
432,Beidao,0,CN,1573717293,47,34.57,105.89,51.53,7.92
433,Bazarnyye Mataki,0,RU,1573717293,72,54.9,49.93,34.9,3.83
434,Gazanjyk,83,TM,1573717293,54,39.24,55.52,55.0,12.71
435,Shahreza,0,IR,1573717294,5,32.01,51.87,55.51,1.9
436,Zhob,87,PK,1573717294,35,31.34,69.45,64.18,6.87
437,Mahebourg,40,MU,1573717294,65,-20.41,57.7,82.4,9.17
438,Portland,1,US,1573717128,72,43.66,-70.25,15.8,4.7
439,Nicoya,100,CR,1573717294,96,10.15,-85.45,71.74,1.19
440,Mandurah,0,AU,1573717208,14,-32.55,115.7,98.6,13.87
441,Visby,75,SE,1573717295,93,57.64,18.3,41.0,11.41
442,Lobito,75,AO,1573717295,74,-12.35,13.55,84.2,4.7
443,Kudahuvadhoo,97,MV,1573717295,77,2.67,72.89,83.17,13.49
444,La Asuncion,23,AR,1573717295,81,-26.05,-65.39,56.48,2.19
445,Silver City,1,US,1573717295,45,32.77,-108.28,44.6,11.41
446,Prainha,95,BR,1573717295,81,-1.8,-53.48,75.67,2.17
447,Emba,64,CY,1573717295,41,34.81,32.42,78.8,20.8
448,Anadyr,75,RU,1573717296,67,64.73,177.51,23.0,15.66
449,Marand,40,IR,1573717296,21,38.43,45.77,50.0,2.24
450,Nogales,7,CL,1573717296,93,-32.73,-71.2,51.8,3.4
451,Kloulklubed,75,PW,1573717296,70,7.04,134.26,86.0,5.82
452,Burns Lake,100,CA,1573717296,94,54.23,-125.76,32.16,3.06
453,Simpang,100,ID,1573717296,94,4.36,96.17,77.88,1.41
454,Sabang,100,PH,1573717296,87,13.8,121.11,77.23,0.38
455,West Bay,75,CA,1573717297,100,49.34,-123.21,39.2,2.24
456,Antofagasta,90,CL,1573717297,82,-23.65,-70.4,60.8,3.36
457,Naryan-Mar,100,RU,1573717297,90,67.67,53.09,12.43,21.21
458,Vista Hermosa,40,MX,1573717297,88,14.92,-92.27,77.0,2.24
459,Zhezkazgan,90,KZ,1573717297,89,47.8,67.71,32.0,4.47
460,Baghdad,19,IQ,1573717226,38,33.3,44.38,75.2,3.36
461,Harnosand,75,SE,1573717297,78,62.63,17.94,33.8,4.7
462,Iquique,90,CL,1573717129,77,-20.22,-70.14,66.2,6.93
463,Sylva,1,US,1573717037,49,35.37,-83.23,26.6,4.7
464,Soyo,75,AO,1573717298,88,-6.13,12.37,78.8,6.93
465,Navrongo,5,GH,1573717298,17,10.89,-1.09,86.86,10.6
466,Aracruz,90,BR,1573717298,94,-19.82,-40.27,73.4,5.82
467,Sekoma,100,BW,1573717298,17,-24.51,23.93,87.91,10.96
468,Ulaangom,95,MN,1573717299,70,49.98,92.07,18.88,2.84
469,San Cristobal,99,HN,1573717299,95,14.68,-86.92,65.34,2.62
470,Ipixuna,16,BR,1573717299,94,-1.76,-48.8,75.2,3.36
471,Strezhevoy,0,RU,1573717299,83,60.73,77.6,-11.21,4.47
472,Villa Union,76,BO,1573717299,93,-10.79,-65.46,73.38,2.95
473,Kozhevnikovo,27,RU,1573717299,84,56.26,83.98,9.77,5.64
474,Severodvinsk,90,RU,1573717300,98,64.56,39.82,33.8,6.71
475,Yakymivka,0,UA,1573717300,64,46.7,35.16,53.04,26.89
476,Zhuhai,0,CN,1573717300,38,40.71,112.04,42.8,15.66
477,Yarensk,100,RU,1573717300,86,62.17,49.09,31.78,9.82
478,Honningsvag,75,NO,1573717300,80,70.98,25.97,35.6,9.17
479,Inhambane,75,MZ,1573717300,78,-23.87,35.38,80.6,13.87
480,Champerico,98,MX,1573717301,93,16.38,-93.6,63.09,1.32
481,Miyako,75,JP,1573717301,62,33.63,130.94,53.6,13.87
482,Guerrero Negro,0,MX,1573717301,90,27.97,-114.04,63.64,6.96
483,Ambilobe,100,MG,1573717301,53,-13.19,49.05,89.13,5.86
484,Urucara,73,BR,1573717301,93,-2.54,-57.76,74.37,1.21
485,Borogontsy,100,RU,1573717302,98,62.67,131.17,-12.28,3.74
486,Garoua,49,CM,1573717302,22,9.31,13.39,95.61,4.34
487,Worthington,20,US,1573717302,92,43.62,-95.6,24.8,6.93
488,Port Lincoln,7,AU,1573717302,65,-34.72,135.86,59.23,15.05
489,Perth,0,AU,1573717153,9,-31.95,115.86,100.4,18.34
490,Manakara,26,MG,1573717302,62,-22.14,48.01,86.95,10.58
491,Imbituba,75,BR,1573717302,88,-28.24,-48.67,73.4,10.29
492,Nome,90,US,1573717303,61,30.04,-94.42,48.2,4.7
493,Bonavista,26,CA,1573717303,59,48.65,-53.11,30.85,22.64
494,Mbekenyera,100,TZ,1573717303,34,-10.0,38.98,93.34,6.51
495,Port Hardy,90,CA,1573717303,81,50.7,-127.42,50.0,17.22
496,Panguna,100,PG,1573717303,96,-6.32,155.48,71.53,0.78
497,Sanmenxia,0,CN,1573717303,30,34.77,111.19,59.13,1.39
498,Mayumba,100,GA,1573717304,77,-3.44,10.65,80.89,1.63
499,Sangar,100,RU,1573717304,98,63.92,127.47,-16.23,4.18
500,Nagapattinam,15,IN,1573717304,75,10.76,79.84,82.87,9.46
501,Port Moresby,80,PG,1573717304,87,-9.47,147.16,79.61,17.56
502,Bria,100,CF,1573717304,45,6.54,21.99,86.59,4.76
503,Matveyev Kurgan,0,RU,1573717304,51,47.57,38.86,49.51,20.74
504,Kavaratti,0,IN,1573717305,68,10.57,72.64,83.05,5.41
505,La Tuque,100,CA,1573717124,87,47.44,-72.79,13.39,7.81
506,Bien Hoa,75,VN,1573717305,55,10.95,106.82,89.6,2.24
507,Abay,100,KZ,1573717305,55,49.63,72.87,35.6,4.47
508,Mathbaria,0,BD,1573717256,58,22.29,89.96,84.34,5.73
509,Makakilo City,1,US,1573717305,78,21.35,-158.09,80.6,2.19
510,Vilcun,5,CL,1573717306,100,-38.65,-72.23,44.6,3.11
511,Selaphum,40,TH,1573717306,48,16.03,103.94,87.8,13.87
512,Gweta,98,BW,1573717306,44,-20.21,25.26,83.44,5.14
513,Mount Isa,20,AU,1573717306,5,-20.73,139.49,93.2,14.99
514,Nishihara,75,JP,1573717306,45,35.74,139.53,69.8,11.41
515,Burnie,14,AU,1573717306,76,-41.05,145.91,54.52,21.68
516,Ariquemes,100,BR,1573717306,95,-9.91,-63.03,72.52,0.89
517,Rennes,0,FR,1573717307,100,48.11,-1.68,37.4,3.36
518,Kilindoni,21,TZ,1573717307,69,-7.91,39.67,81.32,2.13
519,Jinchang,0,CN,1573717307,17,38.52,102.19,41.32,3.42
520,Yegorlykskaya,0,RU,1573717307,48,46.56,40.65,50.76,23.58
521,Bonthe,0,SL,1573717307,73,7.53,-12.5,83.25,2.51
522,Kommunisticheskiy,33,RU,1573717308,88,61.68,64.48,1.96,1.36
523,Choszczno,3,PL,1573717308,93,53.17,15.42,39.2,6.93
524,Saint-Joseph,75,FR,1573717308,81,43.56,6.97,48.2,3.36
525,Muzhi,36,RU,1573717308,92,65.4,64.7,-7.07,0.94
526,Mujiayingzi,0,CN,1573717308,42,42.12,118.78,30.33,6.53
527,Linxia,0,CN,1573717308,24,35.6,103.21,45.16,2.48
528,Udachnyy,90,RU,1573717208,74,66.42,112.4,-25.61,6.71
529,Santa Maria,100,BR,1573717309,73,-16.02,-48.01,71.6,4.7
530,Cockburn Town,2,TC,1573717309,74,21.46,-71.14,81.37,13.42
531,Vostok,67,RU,1573717309,56,46.45,135.83,5.27,18.48
532,Solnechnyy,100,RU,1573717309,79,50.72,136.64,8.83,4.74
533,Urengoy,98,RU,1573717309,98,65.96,78.37,-4.53,7.25
534,Nhulunbuy,68,AU,1573717309,55,-12.18,136.78,87.8,12.75
535,Sorong,100,ID,1573717310,96,-0.86,131.25,75.83,2.33
536,Yar-Sale,0,RU,1573717310,98,66.83,70.83,-6.13,7.11
537,Guiong,4,PH,1573717310,59,6.42,122.03,89.6,14.99
538,Marystown,94,CA,1573717310,62,47.17,-55.16,33.58,27.42
539,Birin,59,NP,1573717310,88,26.89,88.07,62.1,4.88
540,Karatsu,20,JP,1573717310,52,33.45,129.97,55.4,12.75
541,Poum,40,MK,1573717310,81,41.28,20.71,53.6,1.12
542,Pringsewu,92,ID,1573717311,81,-5.36,104.98,79.5,4.99
543,Nchelenge,36,ZM,1573717311,51,-9.35,28.74,84.15,3.09
544,Santa Isabel do Rio Negro,46,BR,1573717311,98,-0.41,-65.02,72.64,1.01
545,Rassvet,33,RU,1573717311,61,49.11,45.47,44.56,8.61
546,Porto Novo,20,BR,1573717311,88,-23.68,-45.44,69.8,3.36
547,Pacifica,40,US,1573717312,87,37.61,-122.49,55.4,8.79
548,Harbin,94,CN,1573717312,61,45.77,126.62,14.0,8.95
549,Manaure,40,CO,1573717312,80,11.78,-72.45,81.41,10.71
550,Campeche,54,MX,1573717312,89,19.84,-90.54,74.8,12.62
